mean_mae,std_mae,mean_me,std_me
4.051619828019717,0.78181987998849,-0.37225083415170457,1.9508012342770764
