mean_mae,std_mae,mean_me,std_me
4.052242575027482,0.7892748128247774,-0.41220383837472135,1.9298246414816742
