u01,u02,eta1,eta2,metric
1.6,1.3666666666666667,-0.06666666666666667,-0.0033333333333333327,mean error
5.974659130372036,5.222519760008396,0.13729739514150907,0.14259499757471628,std error
4.8,3.1,0.12000000000000005,0.11000000000000003,mean abserror
3.809244653154508,4.389250191248991,0.0924755326447544,0.08847364696279085,std abserror
