u01,u02,eta1,eta2,metric
-11.926329405803662,-5.603676867129228,-0.19557061493762315,-0.193389102648986,mean error
8.991584144515377,7.860377411715765,0.18418920814768966,0.15723798231443395,std error
12.85217238494509,6.709209483540274,0.2250224762229265,0.2051302258454772,mean abserror
7.557546855937116,6.906797088672888,0.14529717302606138,0.14100840931465386,std abserror
