mean_mae,std_mae,mean_me,std_me
5.477911811576442,1.57780085217478,-2.9705023675709556,3.395947301533505
