mean_mae,std_mae,mean_me,std_me
4.2916016403996435,0.7177612346075348,-0.29692510479284284,1.775158699622809
