mean_mae,std_mae,mean_me,std_me
4.725035031609114,0.46599414494344105,0.020986788429940152,0.13786437712486932
