mean_mae,std_mae,mean_me,std_me
7.706937704431188,3.1605522156244854,-4.963499534589118,6.045316043994267
