mean_mae,std_mae,mean_me,std_me
4.27459810653994,0.7394063814173971,-0.8278882814915357,2.12020861056572
