mean_mae,std_mae,mean_me,std_me
4.313699203643205,0.8221281726225061,-0.8865647776743482,2.225816893347092
