u01,u02,eta1,eta2,metric
1.5333333333333334,1.4,-0.06000000000000001,-0.026666666666666672,mean error
7.015909670580653,5.684825536400422,0.16938020891595865,0.14840144374549435,std error
4.933333333333334,3.4,0.1266666666666667,0.12666666666666668,mean abserror
5.14569343427494,4.7314064395855615,0.1257620449659713,0.0784915252764901,std abserror
