u01,u02,eta1,eta2,metric
-10.384671259536963,-7.1974360891779225,-0.19470423766801612,-0.13599560856622883,mean error
7.432127486860503,8.479417307099146,0.24243041144834276,0.18622311479083734,std error
11.060796897776642,8.27217109390659,0.2518289025649477,0.186797348666755,mean abserror
6.343240021365957,7.396045466417555,0.17995794024120843,0.13309823807750262,std abserror
