id,time,dv,mdv,amt,rate,duration,age,weight,etas
subject_1,0,,1,2000.0,120000.0,0.016666666666666666,40,70,"Dict(""eta[1]"" => -0.008147387664294783, ""eta[2]"" => -0.20468802249541432)"
subject_1,1,87.66446993027509,0,,,,40,70,"Dict(""eta[1]"" => -0.008147387664294783, ""eta[2]"" => -0.20468802249541432)"
subject_1,9,45.39813299158693,0,,,,40,70,"Dict(""eta[1]"" => -0.008147387664294783, ""eta[2]"" => -0.20468802249541432)"
subject_1,17,20.30939047107173,0,,,,40,70,"Dict(""eta[1]"" => -0.008147387664294783, ""eta[2]"" => -0.20468802249541432)"
subject_1,25,15.091999685831768,0,,,,40,70,"Dict(""eta[1]"" => -0.008147387664294783, ""eta[2]"" => -0.20468802249541432)"
subject_1,33,9.46946067335032,0,,,,40,70,"Dict(""eta[1]"" => -0.008147387664294783, ""eta[2]"" => -0.20468802249541432)"
