id,time,dv,mdv,amt,rate,duration,age,weight
subject_1,0,,0,2000.0,120000.0,0.016666666666666666,40,70
subject_1,1,84.86703298985206,1,,,,40,70
subject_1,9,41.016631917722336,1,,,,40,70
subject_1,17,30.65612703702466,1,,,,40,70
subject_1,25,17.880710936814687,1,,,,40,70
subject_1,33,15.320025108126178,1,,,,40,70
