id,time,dv,mdv,amt,rate,duration,age,weight
subject_1,0,,0,2000.0,120000.0,0.016666666666666666,40,70
subject_1,1,92.25710773162349,1,,,,40,70
subject_1,9,55.87650797761384,1,,,,40,70
subject_1,17,31.0573186270584,1,,,,40,70
subject_1,25,27.87369541781693,1,,,,40,70
subject_1,33,12.373207799310663,1,,,,40,70
