mean_mae,std_mae,mean_me,std_me
4.859531413185969,1.586078001814446,-0.8492172856781869,3.5450107995921325
