mean_mae,std_mae,mean_me,std_me
6.248691397060813,2.507783828562972,-0.7300395588618904,5.84335086154578
