mean_mae,std_mae,mean_me,std_me
10.833285640062563,5.693735550230109,8.845563414966215,7.9007616459871555
