mean_mae,std_mae,mean_me,std_me
4.216714914119393,0.671245317196934,-0.5450496622437675,1.4501164250696794
