mean_mae,std_mae,mean_me,std_me
4.316527120628428,0.6565927813456175,-0.935368605506958,1.7915943058393673
