eta1,eta2,metric
0.13599999999999995,0.06800000000000002,mean error
0.0984782167977948,0.0935468888213995,std error
0.13599999999999995,0.08800000000000001,mean abserror
0.0984782167977948,0.07461465632686057,std abserror
