u01,u02,eta1,eta2,metric
8.9,1.76,0.126,0.126,mean error
11.09743489390633,4.613909759120364,0.14114690566778942,0.18495448971383777,std error
9.26,2.52,0.142,0.16199999999999992,mean abserror
10.792684597278221,4.238983320542406,0.12468736413731024,0.1537158789083659,std abserror
