mean_mae,std_mae,mean_me,std_me
4.160860574163838,0.6340131626535637,-0.8001163873236569,1.3177047525863879
