mean_mae,std_mae,mean_me,std_me
4.900834432029868,1.3694467255217695,-0.5977565357994483,3.3468734529809567
