mean_mae,std_mae,mean_me,std_me
4.960453657530282,1.6953585028228702,-0.8544987742570196,3.751053186491192
