u01,u02,eta1,eta2,metric
1.6666666666666667,1.6666666666666667,-0.046666666666666655,-0.020000000000000004,mean error
5.646685529694775,5.0400693299373085,0.24876707473310122,0.14715696522350927,std error
4.2,2.8666666666666667,0.18000000000000002,0.12000000000000002,mean abserror
4.063292363045786,4.44687672908505,0.17498768429570233,0.08469010445797932,std abserror
