u01,u02,eta1,eta2,metric
-12.992962210956977,-7.618578068300929,-0.10737453230009418,-0.19128763364835594,mean error
9.035139142011943,10.191658620617728,0.29224804101663665,0.15677399561959277,std error
13.586163365342385,9.095678720785934,0.23531066737520961,0.2140090764078102,mean abserror
8.082282455272805,8.850419957829146,0.20013822870160944,0.12268500532683801,std abserror
