mean_mae,std_mae,mean_me,std_me
3.8194225934720563,0.5336957508396051,0.15928324615478573,1.224044130269024
