mean_mae,std_mae,mean_me,std_me
3.8149673395506416,0.5161159833980118,0.17492134612929458,1.1813947705610794
