u01,u02,eta1,eta2,metric
2.066666666666667,1.4,-0.07000000000000002,-0.010000000000000005,mean error
7.167615547982338,5.518620517284469,0.12905492014562295,0.1295882072114429,std error
5.133333333333334,3.3333333333333335,0.11666666666666671,0.0966666666666667,mean abserror
5.3416601664027015,4.581321397492916,0.08742813140471171,0.08502873077655143,std abserror
