u01,u02,eta1,eta2,metric
-9.850174504828118,-5.94119288832775,-0.2528499107960979,-0.17575373989860119,mean error
9.594635428939485,9.328174006294883,0.19789108573824563,0.16316759454995966,std error
11.763259259970704,9.136582716516944,0.2794520648805395,0.2019011275126432,mean abserror
7.020177623654064,6.09705682099994,0.15656376880090045,0.12809554722528843,std abserror
