mean_mae,std_mae,mean_me,std_me
3.6489666205070015,0.44509988179805177,0.37754282594512295,0.32056777605833675
