mean_mae,std_mae,mean_me,std_me
3.650221694462247,0.4430129704607948,0.37959989153626755,0.31910506367824876
