u01,u02,eta1,eta2,metric
-9.921188765569076,-2.2901838969797104,-0.23264087943987038,-0.2425214073072301,mean error
7.013043168453096,6.448542433665902,0.18553546892461245,0.14880956070251286,std error
10.85313533881089,4.681264704598788,0.24624582799780637,0.24591498190320418,mean abserror
5.399500791676874,4.933517935820401,0.16638364745268605,0.1429320933137609,std abserror
