u01,u02,eta1,eta2,metric
2.1,1.4666666666666666,-0.026666666666666665,-0.03666666666666666,mean error
5.7914919761961885,4.8759319769330425,0.0980265035707122,0.09994251221140299,std error
4.433333333333334,2.8666666666666667,0.07333333333333335,0.08333333333333334,mean abserror
4.215597747391951,4.183162747815657,0.06914918072835208,0.06477192523656045,std abserror
