mean_mae,std_mae,mean_me,std_me
3.917903593318241,0.5116578012812074,-0.007930957114777771,0.1820322711291091
