mean_mae,std_mae,mean_me,std_me
6.1317984489463235,4.081543299590278,3.64175350806419,5.416340233458517
